drug_code,extract_current,extract_previous,drug_identification_number,current_company_name,previous_company_name
"1553","active","active","00254142","SANOFI CONSUMER HEALTH INC","SANOFI CONSUMER HEALTH INC SANOFI SANTE GRAND PUBLIC INC"
"1555","active","active","00003875","SANOFI CONSUMER HEALTH INC","SANOFI CONSUMER HEALTH INC SANOFI SANTE GRAND PUBLIC INC"
"5213","active","active","00568406","LABORATOIRE RIVA INC.","LABORATOIRE RIVA INC"
"5214","active","active","00568414","LABORATOIRE RIVA INC.","LABORATOIRE RIVA INC"
"5563","active","active","00568392","LABORATOIRE RIVA INC.","LABORATOIRE RIVA INC"
"5792","active","active","00608734","AURIUM PHARMA INC.","AURIUM PHARMA INC"
"7268","active","active","00630470","BOEHRINGER INGELHEIM ANIMAL HEALTH CANADA INC.","MERIAL CANADA INC"
"8964","active","active","00771368","INSIGHT PHARMACEUTICALS, LLC","INSIGHT PHARMACEUTICALS LLC"
"9176","active","active","00782467","APOTEX INC","AA PHARMA INC"
"9177","active","active","00782475","APOTEX INC","AA PHARMA INC"
"9178","active","active","00782505","APOTEX INC","AA PHARMA INC"
"9626","active","active","00789828","LABORATOIRE RIVA INC.","LABORATOIRE RIVA INC"
"9627","active","active","00789798","LABORATOIRES TRIANON INC.","LABORATOIRES TRIANON INC"
"9628","active","active","00789801","LABORATOIRES TRIANON INC.","LABORATOIRES TRIANON INC"
"10024","active","active","00860751","LABORATOIRE RIVA INC.","LABORATOIRE RIVA INC"
"11028","active","active","00830267","LABORATOIRES TRIANON INC.","LABORATOIRES TRIANON INC"
"11794","active","active","01905856","LABORATOIRES TRIANON INC.","LABORATOIRES TRIANON INC"
"12345","active","active","00821772","LABORATOIRE RIVA INC.","LABORATOIRE RIVA INC"
"12412","active","active","01958836","LABORATOIRES TRIANON INC.","LABORATOIRES TRIANON INC"
"14130","active","active","02022214","LABORATOIRE RIVA INC.","LABORATOIRE RIVA INC"
"14131","active","active","02022222","LABORATOIRE RIVA INC.","LABORATOIRE RIVA INC"
"14206","active","active","02017458","LABORATOIRE RIVA INC.","LABORATOIRE RIVA INC"
"14449","active","active","01996169","LABORATOIRES TRIANON INC.","LABORATOIRES TRIANON INC"
"14450","active","active","02017431","LABORATOIRE RIVA INC.","LABORATOIRE RIVA INC"
"16474","active","active","02009757","LABORATOIRE RIVA INC.","LABORATOIRE RIVA INC"
"16475","active","active","02009889","LABORATOIRE RIVA INC.","LABORATOIRE RIVA INC"
"16608","active","active","02084309","INSIGHT PHARMACEUTICALS, LLC","INSIGHT PHARMACEUTICALS LLC"
"16610","active","active","02126249","INSIGHT PHARMACEUTICALS, LLC","INSIGHT PHARMACEUTICALS LLC"
"16611","active","active","02126257","INSIGHT PHARMACEUTICALS, LLC","INSIGHT PHARMACEUTICALS LLC"
"16612","active","active","02126605","INSIGHT PHARMACEUTICALS, LLC","INSIGHT PHARMACEUTICALS LLC"
"17832","active","active","02126567","INSIGHT PHARMACEUTICALS, LLC","INSIGHT PHARMACEUTICALS LLC"
"19418","active","active","01977415","LABORATOIRES TRIANON INC.","LABORATOIRES TRIANON INC"
"19419","active","active","01977474","LABORATOIRES TRIANON INC.","LABORATOIRES TRIANON INC"
"20312","active","active","02186926","AURIUM PHARMA INC.","AURIUM PHARMA INC"
"23669","dormant","active","01971387","LABORATOIRE RIVA INC.","LABORATOIRE RIVA INC"
"23671","active","active","01971409","LABORATOIRE RIVA INC.","LABORATOIRE RIVA INC"
"33482","active","active","02226871","LABORATOIRE RIVA INC.","LABORATOIRE RIVA INC"
"33917","active","active","02154234","LABORATOIRE RIVA INC.","LABORATOIRE RIVA INC"
"36346","active","active","02202352","LABORATOIRE RIVA INC.","LABORATOIRE RIVA INC"
"36347","active","active","02202360","LABORATOIRE RIVA INC.","LABORATOIRE RIVA INC"
"42373","active","active","02074702","SANOFI CONSUMER HEALTH INC","SANOFI CONSUMER HEALTH INC SANOFI SANTE GRAND PUBLIC INC"
"49044","active","active","02230287","SANOFI CONSUMER HEALTH INC","SANOFI CONSUMER HEALTH INC SANOFI SANTE GRAND PUBLIC INC"
"50030","active","active","02230769","LABORATOIRE RIVA INC.","LABORATOIRE RIVA INC"
"50779","active","active","02231462","SANOFI CONSUMER HEALTH INC","SANOFI CONSUMER HEALTH INC SANOFI SANTE GRAND PUBLIC INC"
"60289","active","active","02236991","SANOFI CONSUMER HEALTH INC","SANOFI CONSUMER HEALTH INC SANOFI SANTE GRAND PUBLIC INC"
"60641","active","active","02237319","EMD SERONO, A DIVISION OF EMD INC., CANADA","EMD SERONO A DIVISION OF EMD INC CANADA"
"60642","active","active","02237320","EMD SERONO, A DIVISION OF EMD INC., CANADA","EMD SERONO A DIVISION OF EMD INC CANADA"
"60900","active","active","02237562","LABORATOIRES TRIANON INC.","LABORATOIRES TRIANON INC"
"61332","active","active","02237971","EMD SERONO, A DIVISION OF EMD INC., CANADA","EMD SERONO A DIVISION OF EMD INC CANADA"
"61574","active","active","02238183","LABORATOIRES TRIANON INC.","LABORATOIRES TRIANON INC"
"61604","active","active","02238211","LABORATOIRE RIVA INC.","LABORATOIRE RIVA INC"
"62481","active","active","02239029","LABORATOIRE RIVA INC.","LABORATOIRE RIVA INC"
"62499","active","active","02239046","EMD SERONO, A DIVISION OF EMD INC., CANADA","EMD SERONO A DIVISION OF EMD INC CANADA"
"62536","active","active","02239081","LABORATOIRE RIVA INC.","LABORATOIRE RIVA INC"
"63070","active","active","02239600","INSIGHT PHARMACEUTICALS, LLC","INSIGHT PHARMACEUTICALS LLC"
"63071","active","active","02239601","INSIGHT PHARMACEUTICALS, LLC","INSIGHT PHARMACEUTICALS LLC"
"63341","active","active","02239853","SANOFI CONSUMER HEALTH INC","SANOFI CONSUMER HEALTH INC SANOFI SANTE GRAND PUBLIC INC"
"64134","active","active","02240562","LABORATOIRE RIVA INC.","LABORATOIRE RIVA INC"
"64135","active","active","02240563","LABORATOIRE RIVA INC.","LABORATOIRE RIVA INC"
"64606","active","active","02241013","EMD SERONO, A DIVISION OF EMD INC., CANADA","EMD SERONO A DIVISION OF EMD INC CANADA"
"65751","active","active","02242077","LABORATOIRE RIVA INC.","LABORATOIRE RIVA INC"
"65752","active","active","02242078","LABORATOIRE RIVA INC.","LABORATOIRE RIVA INC"
"65753","active","active","02242079","LABORATOIRE RIVA INC.","LABORATOIRE RIVA INC"
"65768","active","active","02242093","LABORATOIRE RIVA INC.","LABORATOIRE RIVA INC"
"65769","active","active","02242094","LABORATOIRE RIVA INC.","LABORATOIRE RIVA INC"
"65828","active","active","02242150","LABORATOIRE RIVA INC.","LABORATOIRE RIVA INC"
"65829","active","active","02242151","LABORATOIRE RIVA INC.","LABORATOIRE RIVA INC"
"66118","dormant","active","02242406","LABORATOIRE RIVA INC.","LABORATOIRE RIVA INC"
"66193","active","active","02242468","LABORATOIRE RIVA INC.","LABORATOIRE RIVA INC"
"66606","active","active","02242783","LABORATOIRE RIVA INC.","LABORATOIRE RIVA INC"
"66647","active","active","02242819","SANOFI CONSUMER HEALTH INC","SANOFI CONSUMER HEALTH INC SANOFI SANTE GRAND PUBLIC INC"
"67948","active","active","02244005","INSIGHT PHARMACEUTICALS, LLC","INSIGHT PHARMACEUTICALS LLC"
"69689","active","active","02245592","LABORATOIRE RIVA INC.","LABORATOIRE RIVA INC"
"71459","active","active","02247217","LABORATOIRE RIVA INC.","LABORATOIRE RIVA INC"
"72060","active","active","02247766","EMD SERONO, A DIVISION OF EMD INC., CANADA","EMD SERONO A DIVISION OF EMD INC CANADA"
"72108","inactive","active","02247814","LABORATOIRE RIVA INC.","LABORATOIRE RIVA INC"
"72109","inactive","active","02247815","LABORATOIRE RIVA INC.","LABORATOIRE RIVA INC"
"72486","active","active","02248154","EMD SERONO, A DIVISION OF EMD INC., CANADA","EMD SERONO A DIVISION OF EMD INC CANADA"
"72848","active","active","02248496","LABORATOIRE RIVA INC.","LABORATOIRE RIVA INC"
"72849","active","active","02248497","LABORATOIRE RIVA INC.","LABORATOIRE RIVA INC"
"72850","active","active","02248498","LABORATOIRE RIVA INC.","LABORATOIRE RIVA INC"
"72914","active","active","02248559","LABORATOIRE RIVA INC.","LABORATOIRE RIVA INC"
"72915","active","active","02248560","LABORATOIRE RIVA INC.","LABORATOIRE RIVA INC"
"72916","active","active","02248561","LABORATOIRE RIVA INC.","LABORATOIRE RIVA INC"
"73612","active","active","02251167","LABORATOIRE RIVA INC.","LABORATOIRE RIVA INC"
"73613","active","active","02251175","LABORATOIRE RIVA INC.","LABORATOIRE RIVA INC"
"73614","active","active","02251183","LABORATOIRE RIVA INC.","LABORATOIRE RIVA INC"
"73619","active","active","02251248","LABORATOIRE RIVA INC.","LABORATOIRE RIVA INC"
"74047","active","active","02255316","LABORATOIRE RIVA INC.","LABORATOIRE RIVA INC"
"74048","active","active","02255324","LABORATOIRE RIVA INC.","LABORATOIRE RIVA INC"
"74051","active","active","02255332","LABORATOIRE RIVA INC.","LABORATOIRE RIVA INC"
"74071","active","active","02255510","LABORATOIRE RIVA INC.","LABORATOIRE RIVA INC"
"74742","active","active","02262088","EMD SERONO, A DIVISION OF EMD INC., CANADA","EMD SERONO A DIVISION OF EMD INC CANADA"
"74833","active","active","02262924","LABORATOIRE RIVA INC.","LABORATOIRE RIVA INC"
"75446","active","active","02269066","EMD SERONO, A DIVISION OF EMD INC., CANADA","EMD SERONO A DIVISION OF EMD INC CANADA"
"75449","active","active","02269090","ELVIUM LIFE SCIENCES","PURDUE PHARMA"
"75576","active","active","02270382","EMD SERONO, A DIVISION OF EMD INC., CANADA","EMD SERONO A DIVISION OF EMD INC CANADA"
"75577","active","active","02270390","EMD SERONO, A DIVISION OF EMD INC., CANADA","EMD SERONO A DIVISION OF EMD INC CANADA"
"75578","active","active","02270404","EMD SERONO, A DIVISION OF EMD INC., CANADA","EMD SERONO A DIVISION OF EMD INC CANADA"
"75626","active","active","02270889","LABORATOIRE RIVA INC.","LABORATOIRE RIVA INC"
"75769","active","active","02272164","LABORATOIRE RIVA INC.","LABORATOIRE RIVA INC"
"75770","active","active","02272172","LABORATOIRE RIVA INC.","LABORATOIRE RIVA INC"
"76094","active","active","02275309","LABORATOIRE RIVA INC.","LABORATOIRE RIVA INC"
"76295","active","active","02277301","SANOFI CONSUMER HEALTH INC","SANOFI CONSUMER HEALTH INC SANOFI SANTE GRAND PUBLIC INC"
"76301","active","active","02277379","LABORATOIRE RIVA INC.","LABORATOIRE RIVA INC"
"76362","active","active","02278030","LABORATOIRE RIVA INC.","LABORATOIRE RIVA INC"
"76363","active","active","02278049","LABORATOIRE RIVA INC.","LABORATOIRE RIVA INC"
"76916","active","active","02283565","LABORATOIRE RIVA INC.","LABORATOIRE RIVA INC"
"76917","active","active","02283573","LABORATOIRE RIVA INC.","LABORATOIRE RIVA INC"
"76918","active","active","02283581","LABORATOIRE RIVA INC.","LABORATOIRE RIVA INC"
"76919","active","active","02283603","LABORATOIRE RIVA INC.","LABORATOIRE RIVA INC"
"76920","active","active","02283611","LABORATOIRE RIVA INC.","LABORATOIRE RIVA INC"
"76921","active","active","02283638","LABORATOIRE RIVA INC.","LABORATOIRE RIVA INC"
"78338","active","active","02298074","SUN PHARMA CANADA INC","RANBAXY PHARMACEUTICALS CANADA INC."
"78339","active","active","02298082","SUN PHARMA CANADA INC","RANBAXY PHARMACEUTICALS CANADA INC."
"78474","active","active","02299364","LABORATOIRE RIVA INC.","LABORATOIRE RIVA INC"
"78477","active","active","02299372","LABORATOIRE RIVA INC.","LABORATOIRE RIVA INC"
"78614","active","active","02300796","LABORATOIRE RIVA INC.","LABORATOIRE RIVA INC"
"78615","active","active","02300818","LABORATOIRE RIVA INC.","LABORATOIRE RIVA INC"
"78616","active","active","02300826","LABORATOIRE RIVA INC.","LABORATOIRE RIVA INC"
"78617","active","active","02300834","LABORATOIRE RIVA INC.","LABORATOIRE RIVA INC"
"78858","active","active","02303256","LABORATOIRE RIVA INC.","LABORATOIRE RIVA INC"
"78859","active","active","02303264","LABORATOIRE RIVA INC.","LABORATOIRE RIVA INC"
"78860","active","active","02303272","LABORATOIRE RIVA INC.","LABORATOIRE RIVA INC"
"78867","active","active","02303345","LABORATOIRE RIVA INC.","LABORATOIRE RIVA INC"
"78869","active","active","02303361","LABORATOIRE RIVA INC.","LABORATOIRE RIVA INC"
"79103","active","active","02305461","LABORATOIRE RIVA INC.","LABORATOIRE RIVA INC"
"79104","active","active","02305488","LABORATOIRE RIVA INC.","LABORATOIRE RIVA INC"
"80085","active","active","02315300","LABORATOIRE RIVA INC.","LABORATOIRE RIVA INC"
"80086","active","active","02315319","LABORATOIRE RIVA INC.","LABORATOIRE RIVA INC"
"80087","active","active","02315327","LABORATOIRE RIVA INC.","LABORATOIRE RIVA INC"
"80195","active","active","02316447","LABORATOIRE RIVA INC.","LABORATOIRE RIVA INC"
"80197","active","active","02316463","LABORATOIRE RIVA INC.","LABORATOIRE RIVA INC"
"80220","active","active","02316692","LABORATOIRE RIVA INC.","LABORATOIRE RIVA INC"
"80221","active","active","02316706","LABORATOIRE RIVA INC.","LABORATOIRE RIVA INC"
"80223","active","active","02316722","LABORATOIRE RIVA INC.","LABORATOIRE RIVA INC"
"80224","active","active","02316730","LABORATOIRE RIVA INC.","LABORATOIRE RIVA INC"
"80376","active","active","02318253","EMD SERONO, A DIVISION OF EMD INC., CANADA","EMD SERONO A DIVISION OF EMD INC CANADA"
"80377","active","active","02318261","EMD SERONO, A DIVISION OF EMD INC., CANADA","EMD SERONO A DIVISION OF EMD INC CANADA"
"80397","active","active","02318482","SANOFI CONSUMER HEALTH INC","SANOFI CONSUMER HEALTH INC SANOFI SANTE GRAND PUBLIC INC"
"80576","active","active","02320320","SANOFI CONSUMER HEALTH INC","SANOFI CONSUMER HEALTH INC SANOFI SANTE GRAND PUBLIC INC"
"81717","active","active","02331489","LABORATOIRE RIVA INC.","LABORATOIRE RIVA INC"
"81718","active","active","02331497","LABORATOIRE RIVA INC.","LABORATOIRE RIVA INC"
"81719","active","active","02331500","LABORATOIRE RIVA INC.","LABORATOIRE RIVA INC"
"82273","active","active","02337126","LABORATOIRE RIVA INC.","LABORATOIRE RIVA INC"
"82274","active","active","02337134","LABORATOIRE RIVA INC.","LABORATOIRE RIVA INC"
"82275","active","active","02337142","LABORATOIRE RIVA INC.","LABORATOIRE RIVA INC"
"82276","active","active","02337150","LABORATOIRE RIVA INC.","LABORATOIRE RIVA INC"
"82277","active","active","02337169","LABORATOIRE RIVA INC.","LABORATOIRE RIVA INC"
"82662","active","active","02341077","LABORATOIRE RIVA INC.","LABORATOIRE RIVA INC"
"82663","active","active","02341085","LABORATOIRE RIVA INC.","LABORATOIRE RIVA INC"
"83196","active","active","02346532","LABORATOIRE RIVA INC.","LABORATOIRE RIVA INC"
"83428","active","active","02348950","LABORATOIRE RIVA INC.","LABORATOIRE RIVA INC"
"83536","active","active","02350122","EMD SERONO, A DIVISION OF EMD INC., CANADA","EMD SERONO A DIVISION OF EMD INC CANADA"
"83537","active","active","02350130","EMD SERONO, A DIVISION OF EMD INC., CANADA","EMD SERONO A DIVISION OF EMD INC CANADA"
"83538","active","active","02350149","EMD SERONO, A DIVISION OF EMD INC., CANADA","EMD SERONO A DIVISION OF EMD INC CANADA"
"84722","active","active","02362198","LABORATOIRE RIVA INC.","LABORATOIRE RIVA INC"
"84723","active","active","02362201","LABORATOIRE RIVA INC.","LABORATOIRE RIVA INC"
"84724","active","active","02362228","LABORATOIRE RIVA INC.","LABORATOIRE RIVA INC"
"85673","active","active","02371588","EMD SERONO, A DIVISION OF EMD INC., CANADA","EMD SERONO A DIVISION OF EMD INC CANADA"
"86143","active","active","02375974","MEYER LABORATORY INC.","MEYER LABORATORY INC"
"86261","active","active","02377039","LABORATOIRE RIVA INC.","LABORATOIRE RIVA INC"
"86262","active","active","02377047","LABORATOIRE RIVA INC.","LABORATOIRE RIVA INC"
"86263","active","active","02377055","LABORATOIRE RIVA INC.","LABORATOIRE RIVA INC"
"86264","active","active","02377063","LABORATOIRE RIVA INC.","LABORATOIRE RIVA INC"
"86265","active","active","02377071","LABORATOIRE RIVA INC.","LABORATOIRE RIVA INC"
"86367","active","active","02377861","LABORATOIRE RIVA INC.","LABORATOIRE RIVA INC"
"86368","active","active","02377888","LABORATOIRE RIVA INC.","LABORATOIRE RIVA INC"
"86586","active","active","02380013","LABORATOIRE RIVA INC.","LABORATOIRE RIVA INC"
"86589","active","active","02380056","LABORATOIRE RIVA INC.","LABORATOIRE RIVA INC"
"86590","active","active","02380064","LABORATOIRE RIVA INC.","LABORATOIRE RIVA INC"
"86594","active","active","02380102","LABORATOIRE RIVA INC.","LABORATOIRE RIVA INC"
"86757","active","active","02381710","ELVIUM LIFE SCIENCES","PURDUE PHARMA"
"86758","active","active","02381729","ELVIUM LIFE SCIENCES","PURDUE PHARMA"
"86767","active","active","02381834","VI-JON INC.","VI-JON INC"
"86844","active","active","02382628","INSIGHT PHARMACEUTICALS, LLC","INSIGHT PHARMACEUTICALS LLC"
"87405","active","active","02388529","LABORATOIRE RIVA INC.","LABORATOIRE RIVA INC"
"87753","active","active","02392259","LABORATOIRE RIVA INC.","LABORATOIRE RIVA INC"
"88085","active","active","02395797","LABORATOIRE RIVA INC.","LABORATOIRE RIVA INC"
"88276","active","active","02397854","SANOFI CONSUMER HEALTH INC","SANOFI-AVENTIS CANADA INC"
"88359","active","active","02398656","LABORATOIRE RIVA INC.","LABORATOIRE RIVA INC"
"88374","active","active","02398826","LABORATOIRE RIVA INC.","LABORATOIRE RIVA INC"
"88626","active","active","02401347","SEATTLE GENETICS, INC.","SEATTLE GENETICS INC"
"88725","active","active","02402416","LABORATOIRE RIVA INC.","LABORATOIRE RIVA INC"
"89071","active","active","02405962","LABORATOIRE RIVA INC.","LABORATOIRE RIVA INC"
"89072","active","active","02405970","LABORATOIRE RIVA INC.","LABORATOIRE RIVA INC"
"89073","active","active","02405989","LABORATOIRE RIVA INC.","LABORATOIRE RIVA INC"
"89074","active","active","02405997","LABORATOIRE RIVA INC.","LABORATOIRE RIVA INC"
"89075","active","active","02406004","LABORATOIRE RIVA INC.","LABORATOIRE RIVA INC"
"90220","active","active","02417510","SANOFI CONSUMER HEALTH INC","SANOFI CONSUMER HEALTH INC SANOFI SANTE GRAND PUBLIC INC"
"90292","active","active","02418347","SANOFI CONSUMER HEALTH INC","SANOFI CONSUMER HEALTH INC SANOFI SANTE GRAND PUBLIC INC"
"90486","active","active","02420279","LABORATOIRE RIVA INC.","LABORATOIRE RIVA INC"
"90742","active","active","02422751","LABORATOIRE RIVA INC.","LABORATOIRE RIVA INC"
"90743","active","active","02422778","LABORATOIRE RIVA INC.","LABORATOIRE RIVA INC"
"90744","active","active","02422786","LABORATOIRE RIVA INC.","LABORATOIRE RIVA INC"
"90745","active","active","02422794","LABORATOIRE RIVA INC.","LABORATOIRE RIVA INC"
"90746","active","active","02422808","LABORATOIRE RIVA INC.","LABORATOIRE RIVA INC"
"90747","active","active","02422816","LABORATOIRE RIVA INC.","LABORATOIRE RIVA INC"
"91003","active","active","02425386","LABORATOIRE RIVA INC.","LABORATOIRE RIVA INC"
"91004","active","active","02425394","LABORATOIRE RIVA INC.","LABORATOIRE RIVA INC"
"91226","active","active","02427753","LABORATOIRE RIVA INC.","LABORATOIRE RIVA INC"
"91329","active","active","02428830","LABORATOIRE RIVA INC.","LABORATOIRE RIVA INC"
"91332","active","active","02428857","LABORATOIRE RIVA INC.","LABORATOIRE RIVA INC"
"91574","active","active","02431327","LABORATOIRE RIVA INC.","LABORATOIRE RIVA INC"
"92290","active","active","02438534","DECHRA LTD","ELANCO CANADA LIMITED"
"92337","active","active","02439018","LABORATOIRE RIVA INC.","LABORATOIRE RIVA INC"
"92604","active","active","02441659","LABORATOIRE RIVA INC.","LABORATOIRE RIVA INC"
"92801","active","active","02443376","JUNO PHARMACEUTICALS CORP.","MDA INC."
"92989","active","active","02444739","JUNO PHARMACEUTICALS CORP.","MDA INC."
"93212","active","active","02446685","AVIR PHARMA INC.","AVIR PHARMA INC"
"93510","active","active","02449277","LABORATOIRES TRIANON INC.","LABORATOIRES TRIANON INC"
"93722","active","active","02450976","LABORATOIRE RIVA INC.","LABORATOIRE RIVA INC"
"93732","active","active","02451077","LABORATOIRE RIVA INC.","LABORATOIRE RIVA INC"
"93733","active","active","02451085","LABORATOIRE RIVA INC.","LABORATOIRE RIVA INC"
"93829","active","active","02451883","STERINOVA INC.","STERINOVA INC"
"93880","active","active","02452413","LABORATOIRE RIVA INC.","LABORATOIRE RIVA INC"
"94007","active","active","02453517","LABORATOIRE RIVA INC.","LABORATOIRE RIVA INC"
"94141","active","active","02454726","LABORATOIRE RIVA INC.","LABORATOIRE RIVA INC"
"94143","active","active","02454742","LABORATOIRE RIVA INC.","LABORATOIRE RIVA INC"
"94182","active","active","02455013","LABORATOIRE RIVA INC.","LABORATOIRE RIVA INC"
"94407","active","active","02456958","STERINOVA INC.","STERINOVA INC"
"94576","active","active","02458616","CYCLE PHARMACEUTICALS LTD.","CYCLE PHARMACEUTICALS LTD"
"94577","active","active","02458624","CYCLE PHARMACEUTICALS LTD.","CYCLE PHARMACEUTICALS LTD"
"94578","active","active","02458632","CYCLE PHARMACEUTICALS LTD.","CYCLE PHARMACEUTICALS LTD"
"94948","active","active","02461714","AVIR PHARMA INC.","AVIR PHARMA INC"
"94949","active","active","02461722","AVIR PHARMA INC.","AVIR PHARMA INC"
"95690","active","active","02468476","LABORATOIRE RIVA INC.","LABORATOIRE RIVA INC"
"95691","active","active","02468484","LABORATOIRE RIVA INC.","LABORATOIRE RIVA INC"
"95721","active","active","02468735","ELVIUM LIFE SCIENCES","PURDUE PHARMA"
"95856","active","active","02469723","EMD SERONO, A DIVISION OF EMD INC., CANADA","EMD SERONO A DIVISION OF EMD INC CANADA"
"95882","active","active","02469928","LABORATOIRES TRIANON INC.","LABORATOIRES TRIANON INC"
"95915","active","active","02470179","EMD SERONO, A DIVISION OF EMD INC., CANADA","EMD SERONO A DIVISION OF EMD INC CANADA"
"96037","active","active","02471264","LABORATOIRE RIVA INC.","LABORATOIRE RIVA INC"
"96038","active","active","02471272","LABORATOIRE RIVA INC.","LABORATOIRE RIVA INC"
"96126","active","active","02472015","LABORATOIRE RIVA INC.","LABORATOIRE RIVA INC"
"96127","active","active","02472023","LABORATOIRE RIVA INC.","LABORATOIRE RIVA INC"
"96128","active","active","02472031","LABORATOIRE RIVA INC.","LABORATOIRE RIVA INC"
"96402","active","active","02474018","AVIR PHARMA INC.","AVIR PHARMA INC"
"96403","active","active","02474026","AVIR PHARMA INC.","AVIR PHARMA INC"
"96530","active","active","02475022","LABORATOIRE RIVA INC.","LABORATOIRE RIVA INC"
"96531","active","active","02475030","LABORATOIRE RIVA INC.","LABORATOIRE RIVA INC"
"96532","active","active","02475049","LABORATOIRE RIVA INC.","LABORATOIRE RIVA INC"
"96533","active","active","02475057","LABORATOIRE RIVA INC.","LABORATOIRE RIVA INC"
"96563","active","active","02475278","LABORATOIRE RIVA INC.","LABORATOIRE RIVA INC"
"96564","active","active","02475286","LABORATOIRE RIVA INC.","LABORATOIRE RIVA INC"
"96932","active","active","02478544","LABORATOIRE RIVA INC.","LABORATOIRE RIVA INC"
"96994","active","active","02479346","LABORATOIRE RIVA INC.","LABORATOIRE RIVA INC"
"96995","active","active","02479354","LABORATOIRE RIVA INC.","LABORATOIRE RIVA INC"
"96996","active","active","02479362","LABORATOIRE RIVA INC.","LABORATOIRE RIVA INC"
"96997","active","active","02479370","LABORATOIRE RIVA INC.","LABORATOIRE RIVA INC"
"96998","active","active","02479389","LABORATOIRE RIVA INC.","LABORATOIRE RIVA INC"
"96999","active","active","02479397","LABORATOIRE RIVA INC.","LABORATOIRE RIVA INC"
"97037","active","active","02479729","VI-JON INC.","VI-JON INC"
"97086","active","active","02480336","VI-JON INC.","VI-JON INC"
"97274","active","active","02482274","LABORATOIRE RIVA INC.","LABORATOIRE RIVA INC"
"97275","active","active","02482282","LABORATOIRE RIVA INC.","LABORATOIRE RIVA INC"
"97276","active","active","02482290","LABORATOIRE RIVA INC.","LABORATOIRE RIVA INC"
"97378","active","active","02483343","AVIR PHARMA INC.","AVIR PHARMA INC"
"97432","active","active","02483971","AVIR PHARMA INC.","AVIR PHARMA INC"
"97433","active","active","02483998","AVIR PHARMA INC.","AVIR PHARMA INC"
"97547","active","active","02485222","LABORATOIRE RIVA INC.","LABORATOIRE RIVA INC"
"97577","active","active","02485532","STERINOVA INC.","STERINOVA INC"
"97578","active","active","02485540","STERINOVA INC.","STERINOVA INC"
"97706","active","active","02486903","LABORATOIRE RIVA INC.","LABORATOIRE RIVA INC"
"97910","active","active","02489058","LABORATOIRE RIVA INC.","LABORATOIRE RIVA INC"
"97949","active","active","02489406","LABORATOIRE RIVA INC.","LABORATOIRE RIVA INC"
"97950","active","active","02489414","LABORATOIRE RIVA INC.","LABORATOIRE RIVA INC"
"97974","active","active","02489678","LABORATOIRE RIVA INC.","LABORATOIRE RIVA INC"
"97975","active","active","02489686","LABORATOIRE RIVA INC.","LABORATOIRE RIVA INC"
"97976","active","active","02489694","LABORATOIRE RIVA INC.","LABORATOIRE RIVA INC"
"98271","active","active","02492725","LABORATOIRE RIVA INC.","LABORATOIRE RIVA INC"
"98272","active","active","02492733","LABORATOIRE RIVA INC.","LABORATOIRE RIVA INC"
"98273","active","active","02492741","LABORATOIRE RIVA INC.","LABORATOIRE RIVA INC"
"98337","active","active","02493357","LABORATOIRE RIVA INC.","LABORATOIRE RIVA INC"
"98503","active","active","02495082","LABORATOIRE RIVA INC.","LABORATOIRE RIVA INC"
"98504","active","active","02495090","LABORATOIRE RIVA INC.","LABORATOIRE RIVA INC"
"98554","active","active","02495643","LABORATOIRE RIVA INC.","LABORATOIRE RIVA INC"
"11805","inactive","inactive","00893722","EMD SERONO, A DIVISION OF EMD INC., CANADA","EMD SERONO A DIVISION OF EMD INC CANADA"
"11815","inactive","inactive","01925679","EMD SERONO, A DIVISION OF EMD INC., CANADA","EMD SERONO A DIVISION OF EMD INC CANADA"
"1224","inactive","inactive","00225843","LABORATOIRES TRIANON INC.","LABORATOIRES TRIANON INC"
"12344","inactive","inactive","00830275","LABORATOIRES TRIANON INC.","LABORATOIRES TRIANON INC"
"13366","inactive","inactive","02007347","WATER-JEL TECHNOLOGIES, LLC","WATER-JEL TECHNOLOGIES,LLC"
"13761","inactive","inactive","01996541","LABORATOIRE RIVA INC.","LABORATOIRE RIVA INC"
"13765","inactive","inactive","01996568","LABORATOIRE RIVA INC.","LABORATOIRE RIVA INC"
"1497","inactive","inactive","00249971","LABORATOIRES TRIANON INC.","LABORATOIRES TRIANON INC"
"1498","inactive","inactive","00249998","LABORATOIRES TRIANON INC.","LABORATOIRES TRIANON INC"
"15705","inactive","inactive","02021420","LABORATOIRE RIVA INC.","LABORATOIRE RIVA INC"
"18186","inactive","inactive","02125013","AURIUM PHARMA INC.","AURIUM PHARMA INC"
"20261","inactive","inactive","02206196","INSIGHT PHARMACEUTICALS, LLC","INSIGHT PHARMACEUTICALS LLC"
"27735","inactive","inactive","02067420","LABORATOIRE RIVA INC.","LABORATOIRE RIVA INC"
"2932","inactive","inactive","00435996","LABORATOIRE RIVA INC.","LABORATOIRE RIVA INC"
"31253","inactive","inactive","02136759","WATER-JEL TECHNOLOGIES, LLC","WATER-JEL TECHNOLOGIES,LLC"
"37325","inactive","inactive","02222876","LABORATOIRE RIVA INC.","LABORATOIRE RIVA INC"
"37326","inactive","inactive","02222884","LABORATOIRE RIVA INC.","LABORATOIRE RIVA INC"
"37327","inactive","inactive","02222892","LABORATOIRE RIVA INC.","LABORATOIRE RIVA INC"
"37328","inactive","inactive","02222906","LABORATOIRE RIVA INC.","LABORATOIRE RIVA INC"
"4124","inactive","inactive","00472549","LABORATOIRES TRIANON INC.","LABORATOIRES TRIANON INC"
"42374","inactive","inactive","02074710","SANOFI CONSUMER HEALTH INC","SANOFI CONSUMER HEALTH INC SANOFI SANTE GRAND PUBLIC INC"
"43151","inactive","inactive","02215136","EMD SERONO, A DIVISION OF EMD INC., CANADA","EMD SERONO A DIVISION OF EMD INC CANADA"
"47202","inactive","inactive","02229400","LABORATOIRES TRIANON INC.","LABORATOIRES TRIANON INC"
"47203","inactive","inactive","02229401","LABORATOIRES TRIANON INC.","LABORATOIRES TRIANON INC"
"47471","inactive","inactive","02229558","LABORATOIRES TRIANON INC.","LABORATOIRES TRIANON INC"
"47472","inactive","inactive","02229559","LABORATOIRES TRIANON INC.","LABORATOIRES TRIANON INC"
"47473","inactive","inactive","02229560","LABORATOIRES TRIANON INC.","LABORATOIRES TRIANON INC"
"47474","inactive","inactive","02229561","LABORATOIRES TRIANON INC.","LABORATOIRES TRIANON INC"
"47475","inactive","inactive","02229562","LABORATOIRES TRIANON INC.","LABORATOIRES TRIANON INC"
"47476","inactive","inactive","02229563","LABORATOIRES TRIANON INC.","LABORATOIRES TRIANON INC"
"47572","inactive","inactive","02229642","INSIGHT PHARMACEUTICALS, LLC","INSIGHT PHARMACEUTICALS LLC"
"50781","inactive","inactive","02231464","EMD SERONO, A DIVISION OF EMD INC., CANADA","EMD SERONO A DIVISION OF EMD INC CANADA"
"50782","inactive","inactive","02231465","EMD SERONO, A DIVISION OF EMD INC., CANADA","EMD SERONO A DIVISION OF EMD INC CANADA"
"60639","inactive","inactive","02237317","EMD SERONO, A DIVISION OF EMD INC., CANADA","EMD SERONO A DIVISION OF EMD INC CANADA"
"60861","inactive","inactive","02237526","SANOFI CONSUMER HEALTH INC","SANOFI CONSUMER HEALTH INC SANOFI SANTE GRAND PUBLIC INC"
"60901","inactive","inactive","02237563","SANOFI CONSUMER HEALTH INC","SANOFI CONSUMER HEALTH INC SANOFI SANTE GRAND PUBLIC INC"
"61436","inactive","inactive","02238052","LABORATOIRES TRIANON INC.","LABORATOIRES TRIANON INC"
"61605","inactive","inactive","02238212","LABORATOIRE RIVA INC.","LABORATOIRE RIVA INC"
"62006","inactive","inactive","02238579","LABORATOIRE RIVA INC.","LABORATOIRE RIVA INC"
"62500","inactive","inactive","02239047","EMD SERONO, A DIVISION OF EMD INC., CANADA","EMD SERONO A DIVISION OF EMD INC CANADA"
"62931","inactive","inactive","02239457","LABORATOIRE RIVA INC.","LABORATOIRE RIVA INC"
"62932","inactive","inactive","02239458","LABORATOIRE RIVA INC.","LABORATOIRE RIVA INC"
"63901","inactive","inactive","02240359","SANOFI CONSUMER HEALTH INC","SANOFI CONSUMER HEALTH INC SANOFI SANTE GRAND PUBLIC INC"
"64312","inactive","inactive","02240723","LABORATOIRE RIVA INC.","LABORATOIRE RIVA INC"
"64313","inactive","inactive","02240724","LABORATOIRE RIVA INC.","LABORATOIRE RIVA INC"
"64314","inactive","inactive","02240725","LABORATOIRE RIVA INC.","LABORATOIRE RIVA INC"
"64315","inactive","inactive","02240726","LABORATOIRE RIVA INC.","LABORATOIRE RIVA INC"
"64316","inactive","inactive","02240727","LABORATOIRE RIVA INC.","LABORATOIRE RIVA INC"
"64317","inactive","inactive","02240728","LABORATOIRE RIVA INC.","LABORATOIRE RIVA INC"
"64318","inactive","inactive","02240729","LABORATOIRE RIVA INC.","LABORATOIRE RIVA INC"
"64319","inactive","inactive","02240730","LABORATOIRE RIVA INC.","LABORATOIRE RIVA INC"
"64320","inactive","inactive","02240731","LABORATOIRE RIVA INC.","LABORATOIRE RIVA INC"
"64321","inactive","inactive","02240732","LABORATOIRE RIVA INC.","LABORATOIRE RIVA INC"
"64322","inactive","inactive","02240733","LABORATOIRE RIVA INC.","LABORATOIRE RIVA INC"
"64323","inactive","inactive","02240734","LABORATOIRE RIVA INC.","LABORATOIRE RIVA INC"
"64324","inactive","inactive","02240735","LABORATOIRE RIVA INC.","LABORATOIRE RIVA INC"
"64325","inactive","inactive","02240736","LABORATOIRE RIVA INC.","LABORATOIRE RIVA INC"
"64326","inactive","inactive","02240737","LABORATOIRE RIVA INC.","LABORATOIRE RIVA INC"
"64377","inactive","inactive","02240786","LABORATOIRE RIVA INC.","LABORATOIRE RIVA INC"
"64378","inactive","inactive","02240787","LABORATOIRE RIVA INC.","LABORATOIRE RIVA INC"
"64379","inactive","inactive","02240788","LABORATOIRE RIVA INC.","LABORATOIRE RIVA INC"
"64418","inactive","inactive","02240827","LABORATOIRE RIVA INC.","LABORATOIRE RIVA INC"
"64419","inactive","inactive","02240828","LABORATOIRE RIVA INC.","LABORATOIRE RIVA INC"
"64420","inactive","inactive","02240829","LABORATOIRE RIVA INC.","LABORATOIRE RIVA INC"
"64421","inactive","inactive","02240830","LABORATOIRE RIVA INC.","LABORATOIRE RIVA INC"
"64434","inactive","inactive","02240843","LABORATOIRE RIVA INC.","LABORATOIRE RIVA INC"
"64435","inactive","inactive","02240844","LABORATOIRE RIVA INC.","LABORATOIRE RIVA INC"
"64436","inactive","inactive","02240845","LABORATOIRE RIVA INC.","LABORATOIRE RIVA INC"
"64437","inactive","inactive","02240846","LABORATOIRE RIVA INC.","LABORATOIRE RIVA INC"
"64798","inactive","inactive","02241192","LABORATOIRE RIVA INC.","LABORATOIRE RIVA INC"
"64799","inactive","inactive","02241193","LABORATOIRE RIVA INC.","LABORATOIRE RIVA INC"
"64800","inactive","inactive","02241194","LABORATOIRE RIVA INC.","LABORATOIRE RIVA INC"
"64801","inactive","inactive","02241195","LABORATOIRE RIVA INC.","LABORATOIRE RIVA INC"
"64802","inactive","inactive","02241196","LABORATOIRE RIVA INC.","LABORATOIRE RIVA INC"
"64803","inactive","inactive","02241199","LABORATOIRE RIVA INC.","LABORATOIRE RIVA INC"
"64804","inactive","inactive","02241197","LABORATOIRE RIVA INC.","LABORATOIRE RIVA INC"
"64805","inactive","inactive","02241198","LABORATOIRE RIVA INC.","LABORATOIRE RIVA INC"
"64891","inactive","inactive","02241281","LABORATOIRE RIVA INC.","LABORATOIRE RIVA INC"
"64892","inactive","inactive","02241282","LABORATOIRE RIVA INC.","LABORATOIRE RIVA INC"
"65123","inactive","inactive","02241483","LABORATOIRE RIVA INC.","LABORATOIRE RIVA INC"
"65179","inactive","inactive","02241527","LABORATOIRE RIVA INC.","LABORATOIRE RIVA INC"
"65754","inactive","inactive","02242080","LABORATOIRE RIVA INC.","LABORATOIRE RIVA INC"
"65755","inactive","inactive","02242081","LABORATOIRE RIVA INC.","LABORATOIRE RIVA INC"
"65767","inactive","inactive","02242092","LABORATOIRE RIVA INC.","LABORATOIRE RIVA INC"
"65770","inactive","inactive","02242095","LABORATOIRE RIVA INC.","LABORATOIRE RIVA INC"
"65771","inactive","inactive","02242096","LABORATOIRE RIVA INC.","LABORATOIRE RIVA INC"
"65782","inactive","inactive","02242107","LABORATOIRE RIVA INC.","LABORATOIRE RIVA INC"
"65783","inactive","inactive","02242108","LABORATOIRE RIVA INC.","LABORATOIRE RIVA INC"
"65784","inactive","inactive","02242109","LABORATOIRE RIVA INC.","LABORATOIRE RIVA INC"
"65801","inactive","inactive","02242123","LABORATOIRE RIVA INC.","LABORATOIRE RIVA INC"
"65802","inactive","inactive","02242124","LABORATOIRE RIVA INC.","LABORATOIRE RIVA INC"
"65803","inactive","inactive","02242125","LABORATOIRE RIVA INC.","LABORATOIRE RIVA INC"
"65804","inactive","inactive","02242126","LABORATOIRE RIVA INC.","LABORATOIRE RIVA INC"
"65805","inactive","inactive","02242127","LABORATOIRE RIVA INC.","LABORATOIRE RIVA INC"
"65826","inactive","inactive","02242148","LABORATOIRE RIVA INC.","LABORATOIRE RIVA INC"
"65827","inactive","inactive","02242149","LABORATOIRE RIVA INC.","LABORATOIRE RIVA INC"
"65830","inactive","inactive","02242152","LABORATOIRE RIVA INC.","LABORATOIRE RIVA INC"
"65831","inactive","inactive","02242153","LABORATOIRE RIVA INC.","LABORATOIRE RIVA INC"
"65832","inactive","inactive","02242154","LABORATOIRE RIVA INC.","LABORATOIRE RIVA INC"
"65833","inactive","inactive","02242155","LABORATOIRE RIVA INC.","LABORATOIRE RIVA INC"
"65834","inactive","inactive","02242156","LABORATOIRE RIVA INC.","LABORATOIRE RIVA INC"
"65835","inactive","inactive","02242157","LABORATOIRE RIVA INC.","LABORATOIRE RIVA INC"
"65868","inactive","inactive","02242189","LABORATOIRE RIVA INC.","LABORATOIRE RIVA INC"
"66107","inactive","inactive","02242395","LABORATOIRE RIVA INC.","LABORATOIRE RIVA INC"
"66121","inactive","inactive","02242409","LABORATOIRE RIVA INC.","LABORATOIRE RIVA INC"
"66122","inactive","inactive","02242410","LABORATOIRE RIVA INC.","LABORATOIRE RIVA INC"
"66844","inactive","inactive","02243004","EMD SERONO, A DIVISION OF EMD INC., CANADA","EMD SERONO A DIVISION OF EMD INC CANADA"
"68777","inactive","inactive","02244787","EMD SERONO, A DIVISION OF EMD INC., CANADA","EMD SERONO A DIVISION OF EMD INC CANADA"
"69834","inactive","inactive","02245727","SANOFI CONSUMER HEALTH INC","SANOFI CONSUMER HEALTH INC SANOFI SANTE GRAND PUBLIC INC"
"71487","inactive","inactive","02247245","LABORATOIRE RIVA INC.","LABORATOIRE RIVA INC"
"71540","inactive","inactive","02247297","LABORATOIRE RIVA INC.","LABORATOIRE RIVA INC"
"71541","inactive","inactive","02247298","LABORATOIRE RIVA INC.","LABORATOIRE RIVA INC"
"71542","inactive","inactive","02247299","LABORATOIRE RIVA INC.","LABORATOIRE RIVA INC"
"71543","inactive","inactive","02247300","LABORATOIRE RIVA INC.","LABORATOIRE RIVA INC"
"71544","inactive","inactive","02247301","LABORATOIRE RIVA INC.","LABORATOIRE RIVA INC"
"71549","inactive","inactive","02247306","LABORATOIRE RIVA INC.","LABORATOIRE RIVA INC"
"71557","inactive","inactive","02247314","SANOFI CONSUMER HEALTH INC","SANOFI CONSUMER HEALTH INC SANOFI SANTE GRAND PUBLIC INC"
"71907","inactive","inactive","02247644","INSIGHT PHARMACEUTICALS, LLC","INSIGHT PHARMACEUTICALS LLC"
"72061","inactive","inactive","02247767","EMD SERONO, A DIVISION OF EMD INC., CANADA","EMD SERONO A DIVISION OF EMD INC CANADA"
"72404","inactive","inactive","02248082","LABORATOIRE RIVA INC.","LABORATOIRE RIVA INC"
"72488","inactive","inactive","02248156","EMD SERONO, A DIVISION OF EMD INC., CANADA","EMD SERONO A DIVISION OF EMD INC CANADA"
"72489","inactive","inactive","02248157","EMD SERONO, A DIVISION OF EMD INC., CANADA","EMD SERONO A DIVISION OF EMD INC CANADA"
"7288","inactive","inactive","00718130","SANOFI CONSUMER HEALTH INC","SANOFI CONSUMER HEALTH INC SANOFI SANTE GRAND PUBLIC INC"
"73410","inactive","inactive","02249251","LABORATOIRE RIVA INC.","LABORATOIRE RIVA INC"
"73411","inactive","inactive","02249278","LABORATOIRE RIVA INC.","LABORATOIRE RIVA INC"
"73412","inactive","inactive","02249286","LABORATOIRE RIVA INC.","LABORATOIRE RIVA INC"
"73617","inactive","inactive","02251213","LABORATOIRE RIVA INC.","LABORATOIRE RIVA INC"
"74209","inactive","inactive","02256851","LABORATOIRE RIVA INC.","LABORATOIRE RIVA INC"
"74210","inactive","inactive","02256878","LABORATOIRE RIVA INC.","LABORATOIRE RIVA INC"
"74211","inactive","inactive","02256886","LABORATOIRE RIVA INC.","LABORATOIRE RIVA INC"
"74263","inactive","inactive","02257432","SANOFI CONSUMER HEALTH INC","SANOFI CONSUMER HEALTH INC SANOFI SANTE GRAND PUBLIC INC"
"74363","inactive","inactive","02258420","SANOFI CONSUMER HEALTH INC","SANOFI CONSUMER HEALTH INC SANOFI SANTE GRAND PUBLIC INC"
"74458","inactive","inactive","02259311","SANOFI CONSUMER HEALTH INC","SANOFI CONSUMER HEALTH INC SANOFI SANTE GRAND PUBLIC INC"
"75075","inactive","inactive","02265265","LABORATOIRE RIVA INC.","LABORATOIRE RIVA INC"
"75137","inactive","inactive","02265923","LABORATOIRE RIVA INC.","LABORATOIRE RIVA INC"
"75138","inactive","inactive","02265931","LABORATOIRE RIVA INC.","LABORATOIRE RIVA INC"
"75400","inactive","inactive","02268604","INSIGHT PHARMACEUTICALS, LLC","INSIGHT PHARMACEUTICALS LLC"
"75457","inactive","inactive","02269171","SANOFI CONSUMER HEALTH INC","SANOFI CONSUMER HEALTH INC SANOFI SANTE GRAND PUBLIC INC"
"75562","inactive","inactive","02270234","LABORATOIRE RIVA INC.","LABORATOIRE RIVA INC"
"75563","inactive","inactive","02270242","LABORATOIRE RIVA INC.","LABORATOIRE RIVA INC"
"75564","inactive","inactive","02270250","LABORATOIRE RIVA INC.","LABORATOIRE RIVA INC"
"75623","inactive","inactive","02270870","LABORATOIRE RIVA INC.","LABORATOIRE RIVA INC"
"75652","inactive","inactive","02271109","LABORATOIRE RIVA INC.","LABORATOIRE RIVA INC"
"75655","inactive","inactive","02271117","LABORATOIRE RIVA INC.","LABORATOIRE RIVA INC"
"75656","inactive","inactive","02271125","LABORATOIRE RIVA INC.","LABORATOIRE RIVA INC"
"75698","inactive","inactive","02271516","LABORATOIRE RIVA INC.","LABORATOIRE RIVA INC"
"75761","inactive","inactive","02272083","EMD SERONO, A DIVISION OF EMD INC., CANADA","EMD SERONO A DIVISION OF EMD INC CANADA"
"75781","inactive","inactive","02272288","LABORATOIRE RIVA INC.","LABORATOIRE RIVA INC"
"75782","inactive","inactive","02272296","LABORATOIRE RIVA INC.","LABORATOIRE RIVA INC"
"75821","inactive","inactive","02272709","INSIGHT PHARMACEUTICALS, LLC","INSIGHT PHARMACEUTICALS LLC"
"76095","inactive","inactive","02275317","LABORATOIRE RIVA INC.","LABORATOIRE RIVA INC"
"76114","inactive","inactive","02275481","INSIGHT PHARMACEUTICALS, LLC","INSIGHT PHARMACEUTICALS LLC"
"76312","inactive","inactive","02277492","EMD SERONO, A DIVISION OF EMD INC., CANADA","EMD SERONO A DIVISION OF EMD INC CANADA"
"76736","inactive","inactive","02281708","EMD SERONO, A DIVISION OF EMD INC., CANADA","EMD SERONO A DIVISION OF EMD INC CANADA"
"77565","inactive","inactive","02290359","LABORATOIRE RIVA INC.","LABORATOIRE RIVA INC"
"77875","inactive","inactive","02293382","LABORATOIRE RIVA INC.","LABORATOIRE RIVA INC"
"77876","inactive","inactive","02293390","LABORATOIRE RIVA INC.","LABORATOIRE RIVA INC"
"78631","inactive","inactive","02300958","LABORATOIRE RIVA INC.","LABORATOIRE RIVA INC"
"78633","inactive","inactive","02300982","LABORATOIRE RIVA INC.","LABORATOIRE RIVA INC"
"78634","inactive","inactive","02300990","LABORATOIRE RIVA INC.","LABORATOIRE RIVA INC"
"78683","inactive","inactive","02301504","LABORATOIRE RIVA INC.","LABORATOIRE RIVA INC"
"79270","inactive","inactive","02307022","VI-JON INC.","VI-JON INC"
"79345","inactive","inactive","02307774","LABORATOIRE RIVA INC.","LABORATOIRE RIVA INC"
"79346","inactive","inactive","02307782","LABORATOIRE RIVA INC.","LABORATOIRE RIVA INC"
"79347","inactive","inactive","02307790","LABORATOIRE RIVA INC.","LABORATOIRE RIVA INC"
"79638","inactive","inactive","02310759","LABORATOIRE RIVA INC.","LABORATOIRE RIVA INC"
"79639","inactive","inactive","02310767","LABORATOIRE RIVA INC.","LABORATOIRE RIVA INC"
"79640","inactive","inactive","02310775","LABORATOIRE RIVA INC.","LABORATOIRE RIVA INC"
"80196","inactive","inactive","02316455","LABORATOIRE RIVA INC.","LABORATOIRE RIVA INC"
"80222","inactive","inactive","02316714","LABORATOIRE RIVA INC.","LABORATOIRE RIVA INC"
"80453","inactive","inactive","02319047","SANOFI CONSUMER HEALTH INC","SANOFI CONSUMER HEALTH INC SANOFI SANTE GRAND PUBLIC INC"
"80960","inactive","inactive","02324113","SANOFI CONSUMER HEALTH INC","SANOFI CONSUMER HEALTH INC SANOFI SANTE GRAND PUBLIC INC"
"81584","inactive","inactive","02330083","LABORATOIRE RIVA INC.","LABORATOIRE RIVA INC"
"81585","inactive","inactive","02330091","LABORATOIRE RIVA INC.","LABORATOIRE RIVA INC"
"82534","inactive","inactive","02339757","EMD SERONO, A DIVISION OF EMD INC., CANADA","EMD SERONO A DIVISION OF EMD INC CANADA"
"82535","inactive","inactive","02339811","LABORATOIRE RIVA INC.","LABORATOIRE RIVA INC"
"82540","inactive","inactive","02339838","LABORATOIRE RIVA INC.","LABORATOIRE RIVA INC"
"82541","inactive","inactive","02339846","LABORATOIRE RIVA INC.","LABORATOIRE RIVA INC"
"82658","inactive","inactive","02341034","LABORATOIRE RIVA INC.","LABORATOIRE RIVA INC"
"82659","inactive","inactive","02341042","LABORATOIRE RIVA INC.","LABORATOIRE RIVA INC"
"82660","inactive","inactive","02341050","LABORATOIRE RIVA INC.","LABORATOIRE RIVA INC"
"82661","inactive","inactive","02341069","LABORATOIRE RIVA INC.","LABORATOIRE RIVA INC"
"83195","inactive","inactive","02346524","LABORATOIRE RIVA INC.","LABORATOIRE RIVA INC"
"83325","inactive","inactive","02347881","SANOFI CONSUMER HEALTH INC","SANOFI CONSUMER HEALTH INC SANOFI SANTE GRAND PUBLIC INC"
"83401","inactive","inactive","02348667","SANOFI CONSUMER HEALTH INC","SANOFI CONSUMER HEALTH INC SANOFI SANTE GRAND PUBLIC INC"
"84573","inactive","inactive","02360721","EMD SERONO, A DIVISION OF EMD INC., CANADA","EMD SERONO A DIVISION OF EMD INC CANADA"
"85415","inactive","inactive","02369214","WATER-JEL TECHNOLOGIES, LLC","WATER-JEL TECHNOLOGIES,LLC"
"85544","inactive","inactive","02370298","LABORATOIRE RIVA INC.","LABORATOIRE RIVA INC"
"85545","inactive","inactive","02370301","LABORATOIRE RIVA INC.","LABORATOIRE RIVA INC"
"86092","inactive","inactive","02375508","LABORATOIRE RIVA INC.","LABORATOIRE RIVA INC"
"86252","inactive","inactive","02376946","LABORATOIRE RIVA INC.","LABORATOIRE RIVA INC"
"86253","inactive","inactive","02376954","LABORATOIRE RIVA INC.","LABORATOIRE RIVA INC"
"86254","inactive","inactive","02376962","LABORATOIRE RIVA INC.","LABORATOIRE RIVA INC"
"86255","inactive","inactive","02376970","LABORATOIRE RIVA INC.","LABORATOIRE RIVA INC"
"86256","inactive","inactive","02376989","LABORATOIRE RIVA INC.","LABORATOIRE RIVA INC"
"87003","inactive","inactive","02384299","LABORATOIRE RIVA INC.","LABORATOIRE RIVA INC"
"87004","inactive","inactive","02384302","LABORATOIRE RIVA INC.","LABORATOIRE RIVA INC"
"87006","inactive","inactive","02384329","LABORATOIRE RIVA INC.","LABORATOIRE RIVA INC"
"87007","inactive","inactive","02384337","LABORATOIRE RIVA INC.","LABORATOIRE RIVA INC"
"87022","inactive","inactive","02384507","LABORATOIRE RIVA INC.","LABORATOIRE RIVA INC"
"87028","inactive","inactive","02384574","LABORATOIRE RIVA INC.","LABORATOIRE RIVA INC"
"87029","inactive","inactive","02384582","LABORATOIRE RIVA INC.","LABORATOIRE RIVA INC"
"87174","inactive","inactive","02386151","LABORATOIRE RIVA INC.","LABORATOIRE RIVA INC"
"87175","inactive","inactive","02386178","LABORATOIRE RIVA INC.","LABORATOIRE RIVA INC"
"87176","inactive","inactive","02386186","LABORATOIRE RIVA INC.","LABORATOIRE RIVA INC"
"87179","inactive","inactive","02386216","LABORATOIRE RIVA INC.","LABORATOIRE RIVA INC"
"87180","inactive","inactive","02386224","LABORATOIRE RIVA INC.","LABORATOIRE RIVA INC"
"87767","inactive","inactive","02392399","LABORATOIRE RIVA INC.","LABORATOIRE RIVA INC"
"88372","inactive","inactive","02398796","LABORATOIRE RIVA INC.","LABORATOIRE RIVA INC"
"88373","inactive","inactive","02398818","LABORATOIRE RIVA INC.","LABORATOIRE RIVA INC"
"88622","inactive","inactive","02401304","LABORATOIRE RIVA INC.","LABORATOIRE RIVA INC"
"88804","inactive","inactive","02403226","SANOFI CONSUMER HEALTH INC","SANOFI CONSUMER HEALTH INC SANOFI SANTE GRAND PUBLIC INC"
"88841","inactive","inactive","02403625","VI-JON INC.","VI-JON INC"
"88970","inactive","inactive","02404877","LABORATOIRE RIVA INC.","LABORATOIRE RIVA INC"
"88971","inactive","inactive","02404885","LABORATOIRE RIVA INC.","LABORATOIRE RIVA INC"
"88972","inactive","inactive","02404893","LABORATOIRE RIVA INC.","LABORATOIRE RIVA INC"
"88973","inactive","inactive","02404907","LABORATOIRE RIVA INC.","LABORATOIRE RIVA INC"
"89616","inactive","inactive","02411547","VI-JON INC.","VI-JON INC"
"89759","inactive","inactive","02412918","LABORATOIRE RIVA INC.","LABORATOIRE RIVA INC"
"89760","inactive","inactive","02412934","LABORATOIRE RIVA INC.","LABORATOIRE RIVA INC"
"90817","inactive","inactive","02423456","LABORATOIRE RIVA INC.","LABORATOIRE RIVA INC"
"90818","inactive","inactive","02423464","LABORATOIRE RIVA INC.","LABORATOIRE RIVA INC"
"90913","inactive","inactive","02424436","LABORATOIRE RIVA INC.","LABORATOIRE RIVA INC"
"90935","inactive","inactive","02424673","VI-JON INC.","VI-JON INC"
"90962","inactive","inactive","02424959","LABORATOIRE RIVA INC.","LABORATOIRE RIVA INC"
"90997","inactive","inactive","02425319","LABORATOIRE RIVA INC.","LABORATOIRE RIVA INC"
"90998","inactive","inactive","02425327","LABORATOIRE RIVA INC.","LABORATOIRE RIVA INC"
"90999","inactive","inactive","02425335","LABORATOIRE RIVA INC.","LABORATOIRE RIVA INC"
"91005","inactive","inactive","02425408","LABORATOIRE RIVA INC.","LABORATOIRE RIVA INC"
"91006","inactive","inactive","02425416","LABORATOIRE RIVA INC.","LABORATOIRE RIVA INC"
"91007","inactive","inactive","02425424","LABORATOIRE RIVA INC.","LABORATOIRE RIVA INC"
"91008","inactive","inactive","02425432","LABORATOIRE RIVA INC.","LABORATOIRE RIVA INC"
"91009","inactive","inactive","02425440","LABORATOIRE RIVA INC.","LABORATOIRE RIVA INC"
"91010","inactive","inactive","02425459","LABORATOIRE RIVA INC.","LABORATOIRE RIVA INC"
"91011","inactive","inactive","02425467","LABORATOIRE RIVA INC.","LABORATOIRE RIVA INC"
"91012","inactive","inactive","02425475","LABORATOIRE RIVA INC.","LABORATOIRE RIVA INC"
"91241","inactive","inactive","02427915","INSIGHT PHARMACEUTICALS, LLC","INSIGHT PHARMACEUTICALS LLC"
"91704","inactive","inactive","02432609","SANOFI CONSUMER HEALTH INC","SANOFI CONSUMER HEALTH INC SANOFI SANTE GRAND PUBLIC INC"
"9364","inactive","inactive","00771945","LABORATOIRE RIVA INC.","LABORATOIRE RIVA INC"
"93884","inactive","inactive","02452464","LABORATOIRE RIVA INC.","LABORATOIRE RIVA INC"
"94639","inactive","inactive","02459205","LABORATOIRE RIVA INC.","LABORATOIRE RIVA INC"
"94654","inactive","inactive","02459345","LABORATOIRE RIVA INC.","LABORATOIRE RIVA INC"
"96047","inactive","inactive","02471353","LABORATOIRE RIVA INC.","LABORATOIRE RIVA INC"
"96048","inactive","inactive","02471361","LABORATOIRE RIVA INC.","LABORATOIRE RIVA INC"
"9623","inactive","inactive","00810231","LABORATOIRE RIVA INC.","LABORATOIRE RIVA INC"
"96459","inactive","inactive","02474468","LABORATOIRE RIVA INC.","LABORATOIRE RIVA INC"
"96462","inactive","inactive","02474476","LABORATOIRE RIVA INC.","LABORATOIRE RIVA INC"
"96463","inactive","inactive","02474484","LABORATOIRE RIVA INC.","LABORATOIRE RIVA INC"
"1657","dormant","dormant","00265470","BAUSCH HEALTH, CANADA INC.","VALEANT CANADA LP/VALEANT CANADA S.E.C."
"3455","dormant","dormant","00466409","LABORATOIRE RIVA INC.","LABORATOIRE RIVA INC"
"4252","dormant","dormant","00513741","LABORATOIRE RIVA INC.","LABORATOIRE RIVA INC"
"4710","dormant","dormant","00557102","LABORATOIRE RIVA INC.","LABORATOIRE RIVA INC"
"5276","dormant","dormant","00557110","LABORATOIRE RIVA INC.","LABORATOIRE RIVA INC"
"5431","dormant","dormant","00590282","LABORATOIRE RIVA INC.","LABORATOIRE RIVA INC"
"9543","dormant","dormant","00511013","LABORATOIRES TRIANON INC.","LABORATOIRES TRIANON INC"
"9814","dormant","dormant","00817120","LABORATOIRE RIVA INC.","LABORATOIRE RIVA INC"
"10883","dormant","dormant","00830208","LABORATOIRE RIVA INC.","LABORATOIRE RIVA INC"
"10884","dormant","dormant","00830216","LABORATOIRE RIVA INC.","LABORATOIRE RIVA INC"
"10885","dormant","dormant","00830224","LABORATOIRE RIVA INC.","LABORATOIRE RIVA INC"
"10886","dormant","dormant","00830232","LABORATOIRE RIVA INC.","LABORATOIRE RIVA INC"
"10887","dormant","dormant","00830240","LABORATOIRE RIVA INC.","LABORATOIRE RIVA INC"
"11027","dormant","dormant","00511021","LABORATOIRES TRIANON INC.","LABORATOIRES TRIANON INC"
"11229","dormant","dormant","01905635","LABORATOIRES TRIANON INC.","LABORATOIRES TRIANON INC"
"11753","dormant","dormant","00852163","LABORATOIRE RIVA INC.","LABORATOIRE RIVA INC"
"11795","dormant","dormant","01905864","LABORATOIRES TRIANON INC.","LABORATOIRES TRIANON INC"
"11796","dormant","dormant","01905848","LABORATOIRES TRIANON INC.","LABORATOIRES TRIANON INC"
"13312","dormant","dormant","01977881","LABORATOIRE RIVA INC.","LABORATOIRE RIVA INC"
"14132","dormant","dormant","01940112","LABORATOIRE RIVA INC.","LABORATOIRE RIVA INC"
"15706","dormant","dormant","01996150","LABORATOIRES TRIANON INC.","LABORATOIRES TRIANON INC"
"17968","dormant","dormant","02122057","LABORATOIRE RIVA INC.","LABORATOIRE RIVA INC"
"17992","dormant","dormant","02122030","LABORATOIRE RIVA INC.","LABORATOIRE RIVA INC"
"18006","dormant","dormant","02122073","LABORATOIRE RIVA INC.","LABORATOIRE RIVA INC"
"18007","dormant","dormant","02122081","LABORATOIRE RIVA INC.","LABORATOIRE RIVA INC"
"18008","dormant","dormant","02122065","LABORATOIRE RIVA INC.","LABORATOIRE RIVA INC"
"18009","dormant","dormant","02122049","LABORATOIRE RIVA INC.","LABORATOIRE RIVA INC"
"23672","dormant","dormant","01971417","LABORATOIRE RIVA INC.","LABORATOIRE RIVA INC"
"26438","dormant","dormant","02024624","LABORATOIRES TRIANON INC.","LABORATOIRES TRIANON INC"
"33272","dormant","dormant","02158698","LABORATOIRES TRIANON INC.","LABORATOIRES TRIANON INC"
"33483","dormant","dormant","02226898","LABORATOIRE RIVA INC.","LABORATOIRE RIVA INC"
"34945","dormant","dormant","02179547","LABORATOIRE RIVA INC.","LABORATOIRE RIVA INC"
"43481","dormant","dormant","02228300","LABORATOIRE RIVA INC.","LABORATOIRE RIVA INC"
"43482","dormant","dormant","02228319","LABORATOIRE RIVA INC.","LABORATOIRE RIVA INC"
"47718","dormant","dormant","02229674","LABORATOIRES TRIANON INC.","LABORATOIRES TRIANON INC"
"47738","dormant","dormant","02229682","INSIGHT PHARMACEUTICALS, LLC","INSIGHT PHARMACEUTICALS LLC"
"61410","dormant","dormant","00662461","LABORATOIRE RIVA INC.","LABORATOIRE RIVA INC"
"62482","dormant","dormant","02239030","LABORATOIRE RIVA INC.","LABORATOIRE RIVA INC"
"63617","dormant","dormant","02240112","LABORATOIRE RIVA INC.","LABORATOIRE RIVA INC"
"73618","dormant","dormant","02251221","LABORATOIRE RIVA INC.","LABORATOIRE RIVA INC"
"73620","dormant","dormant","02251256","LABORATOIRE RIVA INC.","LABORATOIRE RIVA INC"
"74506","dormant","dormant","02259796","LABORATOIRE RIVA INC.","LABORATOIRE RIVA INC"
"74507","dormant","dormant","02259818","LABORATOIRE RIVA INC.","LABORATOIRE RIVA INC"
"74978","dormant","dormant","02264323","EMD SERONO, A DIVISION OF EMD INC., CANADA","EMD SERONO A DIVISION OF EMD INC CANADA"
"74979","dormant","dormant","02264331","EMD SERONO, A DIVISION OF EMD INC., CANADA","EMD SERONO A DIVISION OF EMD INC CANADA"
"74980","dormant","dormant","02264358","EMD SERONO, A DIVISION OF EMD INC., CANADA","EMD SERONO A DIVISION OF EMD INC CANADA"
"74981","dormant","dormant","02264366","EMD SERONO, A DIVISION OF EMD INC., CANADA","EMD SERONO A DIVISION OF EMD INC CANADA"
"74982","dormant","dormant","02264374","EMD SERONO, A DIVISION OF EMD INC., CANADA","EMD SERONO A DIVISION OF EMD INC CANADA"
"74984","dormant","dormant","02264390","EMD SERONO, A DIVISION OF EMD INC., CANADA","EMD SERONO A DIVISION OF EMD INC CANADA"
"74985","dormant","dormant","02264404","EMD SERONO, A DIVISION OF EMD INC., CANADA","EMD SERONO A DIVISION OF EMD INC CANADA"
"74986","dormant","dormant","02264412","EMD SERONO, A DIVISION OF EMD INC., CANADA","EMD SERONO A DIVISION OF EMD INC CANADA"
"74987","dormant","dormant","02264420","EMD SERONO, A DIVISION OF EMD INC., CANADA","EMD SERONO A DIVISION OF EMD INC CANADA"
"74988","dormant","dormant","02264439","EMD SERONO, A DIVISION OF EMD INC., CANADA","EMD SERONO A DIVISION OF EMD INC CANADA"
"74989","dormant","dormant","02264447","EMD SERONO, A DIVISION OF EMD INC., CANADA","EMD SERONO A DIVISION OF EMD INC CANADA"
"74991","dormant","dormant","02264455","EMD SERONO, A DIVISION OF EMD INC., CANADA","EMD SERONO A DIVISION OF EMD INC CANADA"
"79990","dormant","dormant","02314347","VI-JON INC.","VI-JON INC"
"84293","dormant","dormant","02357844","BAUSCH HEALTH, CANADA INC.","VALEANT CANADA LP/VALEANT CANADA S.E.C."
"84294","dormant","dormant","02357852","BAUSCH HEALTH, CANADA INC.","VALEANT CANADA LP/VALEANT CANADA S.E.C."
"84296","dormant","dormant","02357860","BAUSCH HEALTH, CANADA INC.","VALEANT CANADA LP/VALEANT CANADA S.E.C."
"84297","dormant","dormant","02357879","BAUSCH HEALTH, CANADA INC.","VALEANT CANADA LP/VALEANT CANADA S.E.C."
"86412","dormant","dormant","02378302","INSIGHT PHARMACEUTICALS, LLC","INSIGHT PHARMACEUTICALS LLC"
"87626","dormant","dormant","02390876","VI-JON INC.","VI-JON INC"
"87733","dormant","dormant","02392046","VI-JON INC.","VI-JON INC"
"87899","dormant","dormant","02393808","VI-JON INC.","VI-JON INC"
"89445","dormant","dormant","02409771","VI-JON INC.","VI-JON INC"
"93054","dormant","dormant","02445301","EMD SERONO, A DIVISION OF EMD INC., CANADA","EMD SERONO A DIVISION OF EMD INC CANADA"
"94026","dormant","dormant","02453711","LABORATOIRES TRIANON INC.","LABORATOIRES TRIANON INC"
"96668","dormant","dormant","02476304","LABORATOIRE RIVA INC.","LABORATOIRE RIVA INC"
"96669","dormant","dormant","02476312","LABORATOIRE RIVA INC.","LABORATOIRE RIVA INC"
"96670","dormant","dormant","02476320","LABORATOIRE RIVA INC.","LABORATOIRE RIVA INC"
"96672","dormant","dormant","02476347","LABORATOIRE RIVA INC.","LABORATOIRE RIVA INC"
"96675","dormant","dormant","02476371","LABORATOIRE RIVA INC.","LABORATOIRE RIVA INC"
"62535","approved","approved","02239080","LABORATOIRE RIVA INC.","LABORATOIRE RIVA INC"
"62933","approved","approved","02239459","LABORATOIRE RIVA INC.","LABORATOIRE RIVA INC"
"63208","approved","approved","02239725","LABORATOIRE RIVA INC.","LABORATOIRE RIVA INC"
"64137","approved","approved","02240565","LABORATOIRE RIVA INC.","LABORATOIRE RIVA INC"
"64138","approved","approved","02240566","LABORATOIRE RIVA INC.","LABORATOIRE RIVA INC"
"69106","approved","approved","02245100","LABORATOIRE RIVA INC.","LABORATOIRE RIVA INC"
"70625","approved","approved","02246449","LABORATOIRE RIVA INC.","LABORATOIRE RIVA INC"
"70626","approved","approved","02246450","LABORATOIRE RIVA INC.","LABORATOIRE RIVA INC"
"78115","approved","approved","02295814","LABORATOIRES TRIANON INC.","LABORATOIRES TRIANON INC"
"79411","approved","approved","02308479","LABORATOIRE RIVA INC.","LABORATOIRE RIVA INC"
"80378","approved","approved","02318288","EMD SERONO, A DIVISION OF EMD INC., CANADA","EMD SERONO A DIVISION OF EMD INC CANADA"
"84568","approved","approved","02360675","LABORATOIRES TRIANON INC.","LABORATOIRES TRIANON INC"
"87617","approved","approved","02390779","VI-JON INC.","VI-JON INC"
"87618","approved","approved","02390787","VI-JON INC.","VI-JON INC"
"87632","approved","approved","02390930","VI-JON INC.","VI-JON INC"
"88892","approved","approved","02404133","LABORATOIRE RIVA INC.","LABORATOIRE RIVA INC"
"89453","approved","approved","02409879","VI-JON INC.","VI-JON INC"
"89480","approved","approved","02410133","VI-JON INC.","VI-JON INC"
"89657","approved","approved","02411989","VI-JON INC.","VI-JON INC"
"89706","approved","approved","02412454","VI-JON INC.","VI-JON INC"
"90125","approved","approved","02416670","VI-JON INC.","VI-JON INC"
"90748","approved","approved","02422824","LABORATOIRE RIVA INC.","LABORATOIRE RIVA INC"
"90749","approved","approved","02422832","LABORATOIRE RIVA INC.","LABORATOIRE RIVA INC"
"90750","approved","approved","02422840","STRIDES PHARMA CANADA INC","MYLAN PHARMACEUTICALS ULC"
"90751","approved","approved","02422859","STRIDES PHARMA CANADA INC","MYLAN PHARMACEUTICALS ULC"
"91328","approved","approved","02428822","LABORATOIRE RIVA INC.","LABORATOIRE RIVA INC"
"91330","approved","approved","02428849","LABORATOIRE RIVA INC.","LABORATOIRE RIVA INC"
"91573","approved","approved","02431319","LABORATOIRE RIVA INC.","LABORATOIRE RIVA INC"
"92629","approved","approved","02441926","LABORATOIRE RIVA INC.","LABORATOIRE RIVA INC"
"93878","approved","approved","02452391","LABORATOIRE RIVA INC.","LABORATOIRE RIVA INC"
"93879","approved","approved","02452405","LABORATOIRE RIVA INC.","LABORATOIRE RIVA INC"
"93881","approved","approved","02452421","QILU PHARMACEUTICAL CO., LTD.","QILU PHARMACEUTICAL CO. LTD"
"94140","approved","approved","02454718","LABORATOIRE RIVA INC.","LABORATOIRE RIVA INC"
"94142","approved","approved","02454734","LABORATOIRE RIVA INC.","LABORATOIRE RIVA INC"
"94277","approved","approved","02455900","STRIDES PHARMA CANADA INC","MYLAN PHARMACEUTICALS ULC"
"94458","approved","approved","02457563","LABORATOIRE RIVA INC.","LABORATOIRE RIVA INC"
"94906","approved","approved","02461447","SANOFI CONSUMER HEALTH INC","SANOFI CONSUMER HEALTH INC SANOFI SANTE GRAND PUBLIC INC"
"95160","approved","approved","02463512","SANOFI CONSUMER HEALTH INC","SANOFI CONSUMER HEALTH INC SANOFI SANTE GRAND PUBLIC INC"
"95211","approved","approved","02463997","QILU PHARMACEUTICAL CO., LTD.","QILU PHARMACEUTICAL CO. LTD"
"95212","approved","approved","02464004","QILU PHARMACEUTICAL CO., LTD.","QILU PHARMACEUTICAL CO. LTD"
"95245","approved","approved","02464292","VI-JON INC.","VI-JON INC"
"95836","approved","approved","02469553","LABORATOIRE RIVA INC.","LABORATOIRE RIVA INC"
"95965","approved","approved","02470640","EMD SERONO, A DIVISION OF EMD INC., CANADA","EMD SERONO A DIVISION OF EMD INC CANADA"
"95966","approved","approved","02470659","EMD SERONO, A DIVISION OF EMD INC., CANADA","EMD SERONO A DIVISION OF EMD INC CANADA"
"95967","approved","approved","02470667","EMD SERONO, A DIVISION OF EMD INC., CANADA","EMD SERONO A DIVISION OF EMD INC CANADA"
"96286","approved","approved","02473453","AA PHARMA INC","APOTEX INC"
"96287","approved","approved","02473461","AA PHARMA INC","APOTEX INC"
"96288","approved","approved","02473488","AA PHARMA INC","APOTEX INC"
"96289","approved","approved","02473496","AA PHARMA INC","APOTEX INC"
"96671","approved","approved","02476339","LABORATOIRE RIVA INC.","LABORATOIRE RIVA INC"
"96673","approved","approved","02476355","LABORATOIRE RIVA INC.","LABORATOIRE RIVA INC"
"96674","approved","approved","02476363","LABORATOIRE RIVA INC.","LABORATOIRE RIVA INC"
"96731","approved","approved","02476398","LABORATOIRE RIVA INC.","LABORATOIRE RIVA INC"
"96732","approved","approved","02476401","LABORATOIRE RIVA INC.","LABORATOIRE RIVA INC"
"97229","active","approved","02481812","WATER-JEL TECHNOLOGIES, LLC","WATER-JEL TECHNOLOGIES,LLC"
"97540","approved","approved","02485141","LABORATOIRES TRIANON INC.","LABORATOIRES TRIANON INC"
"97573","approved","approved","02485494","AVIR PHARMA INC.","AVIR PHARMA INC"
"97574","approved","approved","02485508","AVIR PHARMA INC.","AVIR PHARMA INC"
"97575","approved","approved","02485516","AVIR PHARMA INC.","AVIR PHARMA INC"
"97644","approved","approved","02486210","LABORATOIRE RIVA INC.","LABORATOIRE RIVA INC"
"97942","approved","approved","02489341","LABORATOIRE RIVA INC.","LABORATOIRE RIVA INC"
"97943","approved","approved","02489325","LABORATOIRE RIVA INC.","LABORATOIRE RIVA INC"
"97944","approved","approved","02489333","LABORATOIRE RIVA INC.","LABORATOIRE RIVA INC"
"98189","approved","approved","02491885","STERINOVA INC.","STERINOVA INC"
"98194","active","approved","02491931","STERINOVA INC.","STERINOVA INC"
"98367","approved","approved","02493675","AVIR PHARMA INC.","AVIR PHARMA INC"
"98439","approved","approved","02494361","AVIR PHARMA INC.","AVIR PHARMA INC"
"98548","approved","approved","02495589","AVIR PHARMA INC.","AVIR PHARMA INC"
"98782","approved","approved","02498022","STERINOVA INC.","STERINOVA INC"
